"Code_Number","Aid_Year","ISIR_Field_Name"
"1","2014-2015","PARENTSBUSINESSANDORINVESTMENTFARMNETWORTH"
"1","2014-2015","PARENTSCASHSAVINGSANDCHECKING"
"1","2014-2015","PARENTSINVESTMENTNETWORTH"
"1","2014-2015","SPECIALCIRCUMSTANCESFLAG"
"1","2014-2015","STUDENTSBUSINESSANDORINVESTMENTFARMNETWORTH"
"1","2014-2015","STUDENTSCASHSAVINGSANDCHECKING"
"1","2014-2015","STUDENTSINVESTMENTNETWORTH"
"2","2014-2015","PARENT1INCOMEEARNEDFROMWORK"
"2","2014-2015","PARENT2INCOMEEARNEDFROMWORK"
"2","2014-2015","PARENTSCHILDSUPPORTRECEIVED"
"2","2014-2015","PARENTSINTERESTINCOME"
"2","2014-2015","PARENTSIRADISTRIBUTIONS"
"2","2014-2015","PARENTSIRAPAYMENTS"
"2","2014-2015","PARENTSMILITARYCLERGYALLOWANCES"
"2","2014-2015","PARENTSOTHERUNTAXEDINCOME"
"2","2014-2015","PARENTSPENSIONPAYMENTS"
"2","2014-2015","PARENTSUNTAXEDPENSIONS"
"2","2014-2015","PARENTSVETERANSNONEDUCATIONBENEFITS"
"2","2014-2015","SPECIALCIRCUMSTANCESFLAG"
"2","2014-2015","SPOUSESINCOMEEARNEDFROMWORK"
"2","2014-2015","STUDENTSCHILDSUPPORTRECEIVED"
"2","2014-2015","STUDENTSINCOMEEARNEDFROMWORK"
"2","2014-2015","STUDENTSINTERESTINCOME"
"2","2014-2015","STUDENTSIRADISTRIBUTIONS"
"2","2014-2015","STUDENTSIRAPAYMENTS"
"2","2014-2015","STUDENTSMILITARYCLERGYALLOWANCES"
"2","2014-2015","STUDENTSOTHERNONREPORTEDMONEY"
"2","2014-2015","STUDENTSOTHERUNTAXEDINCOME"
"2","2014-2015","STUDENTSPENSIONPAYMENTS"
"2","2014-2015","STUDENTSUNTAXEDPENSIONS"
"2","2014-2015","STUDENTSVETERANSNONEDUCATIONBENEFITS"
"3","2014-2015","IRSSTUDENTAGIDATAFIELDFLAG"
"3","2014-2015","STUDENTSUSINCOMETAXPAID"
"4","2014-2015","MARITALSTATUSDATE"
"4","2014-2015","STUDENTMARITALSTATUS"
"5","2014-2015","DATEOFBIRTH"
"6","2014-2015","PARENT1SOCIALSECURITYNUMBER"
"7","2014-2015","PARENT2SOCIALSECURITYNUMBER"
"8","2014-2015","STUDENTSSN"
"9","2014-2015","PARENT1SOCIALSECURITYNUMBER"
"9","2014-2015","PARENT2SOCIALSECURITYNUMBER"
"9","2014-2015","SPECIALCIRCUMSTANCESFLAG"
"10","2014-2015","PARENTSMARITALSTATUS"
"10","2014-2015","PARENTSNUMBEROFFAMILYMEMBERS"
"10","2014-2015","SPECIALCIRCUMSTANCESFLAG"
"10","2014-2015","STUDENTMARITALSTATUS"
"10","2014-2015","STUDENTSNUMBEROFFAMILYMEMBERS"
"11","2014-2015","PARENT1INCOMEEARNEDFROMWORK"
"11","2014-2015","PARENT2INCOMEEARNEDFROMWORK"
"11","2014-2015","PARENTSMARITALSTATUS"
"11","2014-2015","SPOUSESINCOMEEARNEDFROMWORK"
"11","2014-2015","STUDENTMARITALSTATUS"
"11","2014-2015","STUDENTSINCOMEEARNEDFROMWORK"
"12","2014-2015","IRSPARENTAGIDATAFIELDFLAG"
"12","2014-2015","PARENTSUSINCOMETAXPAID"
"13","2014-2015","DATEOFBIRTH"
"13","2014-2015","STUDENTLASTNAME"
"15","2014-2015","PARENTSBUSINESSANDORINVESTMENTFARMNETWORTH"
"15","2014-2015","PARENTSCASHSAVINGSANDCHECKING"
"15","2014-2015","PARENTSINVESTMENTNETWORTH"
"15","2014-2015","SPECIALCIRCUMSTANCESFLAG"
"15","2014-2015","STUDENTSBUSINESSANDORINVESTMENTFARMNETWORTH"
"15","2014-2015","STUDENTSCASHSAVINGSANDCHECKING"
"15","2014-2015","STUDENTSINVESTMENTNETWORTH"
"17","2014-2015","ALIENREGISTRATIONNUMBER"
"17","2014-2015","CITIZENSHIPSTATUS"
"18","2014-2015","STUDENTSCURRENTSOCIALSECURITYNUMBER"
"20","2014-2015","PARENTSTAXRETURNCOMPLETED"
"20","2014-2015","STUDENTSINCOMEEARNEDFROMWORK"
"20","2014-2015","STUDENTSTAXRETURNCOMPLETED"
"21","2014-2015","MARITALSTATUSDATE"
"21","2014-2015","STUDENTMARITALSTATUS"
"23","2014-2015","NSLDSFRAUDLOANFLAG"
"A","2014-2015","DATEOFBIRTH"
"B","2014-2015","DATEOFBIRTH"
"C","2014-2015","IRSPARENTAGIDATAFIELDFLAG"
"C","2014-2015","IRSSTUDENTAGIDATAFIELDFLAG"
"C","2014-2015","PARENTSUSINCOMETAXPAID"
"C","2014-2015","STUDENTSUSINCOMETAXPAID"
"D","2014-2015","STUDENTFIRSTNAME"
"D","2014-2015","STUDENTLASTNAME"
"E","2014-2015","PARENT1FIRSTNAMEINITIAL"
"E","2014-2015","PARENT1LASTNAME"
"F","2014-2015","PARENT2FIRSTNAMEINITIAL"
"F","2014-2015","PARENT2LASTNAME"
"G","2014-2015","IRSSTUDENTAGIDATAFIELDFLAG"
"G","2014-2015","STUDENTSUSINCOMETAXPAID"
"J","2014-2015","PARENT1SOCIALSECURITYNUMBER"
"K","2014-2015","PARENT2SOCIALSECURITYNUMBER"
"N","2014-2015","STUDENTFIRSTNAME"
"N","2014-2015","STUDENTLASTNAME"
"R","2014-2015","DATEOFBIRTH"
"S","2014-2015","PARENT1DATEOFBIRTH"
"T","2014-2015","PARENT2DATEOFBIRTH"
"W","2014-2015","PARENTSNUMBEROFFAMILYMEMBERS"
"W","2014-2015","STUDENTSNUMBEROFFAMILYMEMBERS"
"1","2015-2016","PARENTSBUSINESSANDORINVESTMENTFARMNETWORTH"
"1","2015-2016","PARENTSCASHSAVINGSANDCHECKING"
"1","2015-2016","PARENTSINVESTMENTNETWORTH"
"1","2015-2016","STUDENTSBUSINESSANDORINVESTMENTFARMNETWORTH"
"1","2015-2016","STUDENTSCASHSAVINGSANDCHECKING"
"1","2015-2016","STUDENTSINVESTMENTNETWORTH"
"2","2015-2016","PARENT1INCOMEEARNEDFROMWORK"
"2","2015-2016","PARENT2INCOMEEARNEDFROMWORK"
"2","2015-2016","PARENTSCHILDSUPPORTRECEIVED"
"2","2015-2016","PARENTSINTERESTINCOME"
"2","2015-2016","PARENTSIRADISTRIBUTIONS"
"2","2015-2016","PARENTSMILITARYCLERGYALLOWANCES"
"2","2015-2016","PARENTSOTHERUNTAXEDINCOME"
"2","2015-2016","PARENTSUNTAXEDPENSIONS"
"2","2015-2016","PARENTSVETERANSNONEDUCATIONBENEFITS"
"2","2015-2016","SPOUSESINCOMEEARNEDFROMWORK"
"2","2015-2016","STUDENTSCHILDSUPPORTRECEIVED"
"2","2015-2016","STUDENTSINCOMEEARNEDFROMWORK"
"2","2015-2016","STUDENTSINTERESTINCOME"
"2","2015-2016","STUDENTSIRADISTRIBUTIONS"
"2","2015-2016","STUDENTSMILITARYCLERGYALLOWANCES"
"2","2015-2016","STUDENTSOTHERNONREPORTEDMONEY"
"2","2015-2016","STUDENTSOTHERUNTAXEDINCOME"
"2","2015-2016","STUDENTSUNTAXEDPENSIONS"
"2","2015-2016","STUDENTSVETERANSNONEDUCATIONBENEFITS"
"3","2015-2016","STUDENTSADJUSTEDGROSSINCOMEFROMIRSFORM"
"3","2015-2016","STUDENTSUSINCOMETAXPAID"
"4","2015-2016","DATEAPPLICATIONCOMPLETED"
"4","2015-2016","STUDENTMARITALSTATUS"
"5","2015-2016","DATEOFBIRTH"
"6","2015-2016","PARENT1DATEOFBIRTH"
"6","2015-2016","PARENT1LASTNAME"
"6","2015-2016","PARENT1SOCIALSECURITYNUMBER"
"6","2015-2016","PARENT2DATEOFBIRTH"
"6","2015-2016","PARENT2LASTNAME"
"7","2015-2016","PARENT1DATEOFBIRTH"
"7","2015-2016","PARENT1LASTNAME"
"7","2015-2016","PARENT2DATEOFBIRTH"
"7","2015-2016","PARENT2LASTNAME"
"7","2015-2016","PARENT2SOCIALSECURITYNUMBER"
"8","2015-2016","STUDENTSSN"
"9","2015-2016","PARENT1DATEOFBIRTH"
"9","2015-2016","PARENT1FIRSTNAMEINITIAL"
"9","2015-2016","PARENT1LASTNAME"
"9","2015-2016","PARENT1SOCIALSECURITYNUMBER"
"9","2015-2016","PARENT2DATEOFBIRTH"
"9","2015-2016","PARENT2FIRSTNAMEINITIAL"
"9","2015-2016","PARENT2LASTNAME"
"9","2015-2016","PARENT2SOCIALSECURITYNUMBER"
"10","2015-2016","PARENTSMARITALSTATUS"
"10","2015-2016","PARENTSNUMBEROFFAMILYMEMBERS"
"10","2015-2016","STUDENTMARITALSTATUS"
"10","2015-2016","STUDENTSNUMBEROFFAMILYMEMBERS"
"11","2015-2016","FATHERSSTEPFATHERSINCOMEEARNEDFROMWORK"
"11","2015-2016","MOTHERSSTEPMOTHERSINCOMEEARNEDFROMWORK"
"11","2015-2016","PARENTSMARITALSTATUS"
"11","2015-2016","SPOUSESINCOMEEARNEDFROMWORK"
"11","2015-2016","STUDENTMARITALSTATUS"
"11","2015-2016","STUDENTSINCOMEEARNEDFROMWORK"
"12","2015-2016","PARENTSADJUSTEDGROSSINCOMEFROMIRSFORM"
"12","2015-2016","PARENTSUSINCOMETAXPAID"
"13","2015-2016","STUDENTFIRSTNAME"
"13","2015-2016","STUDENTLASTNAME"
"17","2015-2016","ALIENREGISTRATIONNUMBER"
"17","2015-2016","CITIZENSHIPSTATUS"
"18","2015-2016","STUDENTSSN"
"19","2015-2016","DRUGCONVICTIONAFFECTINGELIGIBILITY"
"20","2015-2016","PARENT1INCOMEEARNEDFROMWORK"
"20","2015-2016","PARENT2INCOMEEARNEDFROMWORK"
"20","2015-2016","PARENTSTAXRETURNFILINGSTATUS"
"20","2015-2016","SPOUSESINCOMEEARNEDFROMWORK"
"20","2015-2016","STUDENTSINCOMEEARNEDFROMWORK"
"20","2015-2016","STUDENTSINCOMEEARNEDFROMWORK"
"20","2015-2016","STUDENTSTAXRETURNFILINGSTATUS"
"20","2015-2016","STUDENTSTAXRETURNFILINGSTATUS"
"21","2015-2016","MARITALSTATUSDATE"
"21","2015-2016","STUDENTMARITALSTATUS"
"24","2015-2016","NSLDSFRAUDLOANFLAG"
"A","2015-2016","DATEOFBIRTH"
"B","2015-2016","DATEOFBIRTH"
"C","2015-2016","PARENTSADJUSTEDGROSSINCOMEFROMIRSFORM"
"C","2015-2016","PARENTSUSINCOMETAXPAID"
"C","2015-2016","STUDENTSADJUSTEDGROSSINCOMEFROMIRSFORM"
"C","2015-2016","STUDENTSUSINCOMETAXPAID"
"D","2015-2016","STUDENTFIRSTNAME"
"D","2015-2016","STUDENTLASTNAME"
"E","2015-2016","PARENT1FIRSTNAMEINITIAL"
"E","2015-2016","PARENT1LASTNAME"
"F","2015-2016","PARENT2FIRSTNAMEINITIAL"
"F","2015-2016","PARENT2LASTNAME"
"G","2015-2016","IRSSTUDENTAGIDATAFIELDFLAG"
"G","2015-2016","STUDENTSUSINCOMETAXPAID"
"J","2015-2016","PARENT1SOCIALSECURITYNUMBER"
"K","2015-2016","PARENT2SOCIALSECURITYNUMBER"
"N","2015-2016","STUDENTFIRSTNAME"
"N","2015-2016","STUDENTLASTNAME"
"R","2015-2016","DATEOFBIRTH"
"S","2015-2016","PARENT1DATEOFBIRTH"
"T","2015-2016","PARENT2DATEOFBIRTH"
"W","2015-2016","PARENTSNUMBEROFFAMILYMEMBERS"
"W","2015-2016","STUDENTSNUMBEROFFAMILYMEMBERS"
"1","2016-2017","PARENTSBUSINESSANDORINVESTMENTFARMNETWORTH"
"1","2016-2017","PARENTSCASHSAVINGSANDCHECKING"
"1","2016-2017","PARENTSINVESTMENTNETWORTH"
"1","2016-2017","STUDENTSBUSINESSANDORINVESTMENTFARMNETWORTH"
"1","2016-2017","STUDENTSCASHSAVINGSANDCHECKING"
"1","2016-2017","STUDENTSINVESTMENTNETWORTH"
"2","2016-2017","PARENT1INCOMEEARNEDFROMWORK"
"2","2016-2017","PARENT2INCOMEEARNEDFROMWORK"
"2","2016-2017","PARENTSCHILDSUPPORTRECEIVED"
"2","2016-2017","PARENTSINTERESTINCOME"
"2","2016-2017","PARENTSIRADISTRIBUTIONS"
"2","2016-2017","PARENTSMILITARYCLERGYALLOWANCES"
"2","2016-2017","PARENTSOTHERUNTAXEDINCOME"
"2","2016-2017","PARENTSUNTAXEDPENSIONS"
"2","2016-2017","PARENTSVETERANSNONEDUCATIONBENEFITS"
"2","2016-2017","SPOUSESINCOMEEARNEDFROMWORK"
"2","2016-2017","STUDENTSCHILDSUPPORTRECEIVED"
"2","2016-2017","STUDENTSINCOMEEARNEDFROMWORK"
"2","2016-2017","STUDENTSINTERESTINCOME"
"2","2016-2017","STUDENTSIRADISTRIBUTIONS"
"2","2016-2017","STUDENTSMILITARYCLERGYALLOWANCES"
"2","2016-2017","STUDENTSOTHERNONREPORTEDMONEY"
"2","2016-2017","STUDENTSOTHERUNTAXEDINCOME"
"2","2016-2017","STUDENTSUNTAXEDPENSIONS"
"2","2016-2017","STUDENTSVETERANSNONEDUCATIONBENEFITS"
"3","2016-2017","STUDENTSADJUSTEDGROSSINCOMEFROMIRSFORM"
"3","2016-2017","STUDENTSUSINCOMETAXPAID"
"4","2016-2017","DATEAPPLICATIONCOMPLETED"
"4","2016-2017","STUDENTMARITALSTATUS"
"5","2016-2017","DATEOFBIRTH"
"6","2016-2017","PARENT1DATEOFBIRTH"
"6","2016-2017","PARENT1LASTNAME"
"6","2016-2017","PARENT1SOCIALSECURITYNUMBER"
"6","2016-2017","PARENT2DATEOFBIRTH"
"6","2016-2017","PARENT2LASTNAME"
"7","2016-2017","PARENT1DATEOFBIRTH"
"7","2016-2017","PARENT1LASTNAME"
"7","2016-2017","PARENT2DATEOFBIRTH"
"7","2016-2017","PARENT2LASTNAME"
"7","2016-2017","PARENT2SOCIALSECURITYNUMBER"
"8","2016-2017","STUDENTSSN"
"9","2016-2017","PARENT1DATEOFBIRTH"
"9","2016-2017","PARENT1FIRSTNAMEINITIAL"
"9","2016-2017","PARENT1LASTNAME"
"9","2016-2017","PARENT1SOCIALSECURITYNUMBER"
"9","2016-2017","PARENT2DATEOFBIRTH"
"9","2016-2017","PARENT2FIRSTNAMEINITIAL"
"9","2016-2017","PARENT2LASTNAME"
"9","2016-2017","PARENT2SOCIALSECURITYNUMBER"
"10","2016-2017","PARENTSMARITALSTATUS"
"10","2016-2017","PARENTSNUMBEROFFAMILYMEMBERS"
"10","2016-2017","STUDENTMARITALSTATUS"
"10","2016-2017","STUDENTSNUMBEROFFAMILYMEMBERS"
"11","2016-2017","FATHERSSTEPFATHERSINCOMEEARNEDFROMWORK"
"11","2016-2017","MOTHERSSTEPMOTHERSINCOMEEARNEDFROMWORK"
"11","2016-2017","PARENTSMARITALSTATUS"
"11","2016-2017","SPOUSESINCOMEEARNEDFROMWORK"
"11","2016-2017","STUDENTMARITALSTATUS"
"11","2016-2017","STUDENTSINCOMEEARNEDFROMWORK"
"12","2016-2017","PARENTSADJUSTEDGROSSINCOMEFROMIRSFORM"
"12","2016-2017","PARENTSUSINCOMETAXPAID"
"13","2016-2017","STUDENTFIRSTNAME"
"13","2016-2017","STUDENTLASTNAME"
"17","2016-2017","ALIENREGISTRATIONNUMBER"
"17","2016-2017","CITIZENSHIPSTATUS"
"18","2016-2017","STUDENTSSN"
"19","2016-2017","DRUGCONVICTIONAFFECTINGELIGIBILITY"
"20","2016-2017","PARENT1INCOMEEARNEDFROMWORK"
"20","2016-2017","PARENT2INCOMEEARNEDFROMWORK"
"20","2016-2017","PARENTSTAXRETURNFILINGSTATUS"
"20","2016-2017","SPOUSESINCOMEEARNEDFROMWORK"
"20","2016-2017","STUDENTSINCOMEEARNEDFROMWORK"
"20","2016-2017","STUDENTSINCOMEEARNEDFROMWORK"
"20","2016-2017","STUDENTSTAXRETURNFILINGSTATUS"
"20","2016-2017","STUDENTSTAXRETURNFILINGSTATUS"
"21","2016-2017","MARITALSTATUSDATE"
"21","2016-2017","STUDENTMARITALSTATUS"
"24","2016-2017","NSLDSFRAUDLOANFLAG"
"A","2016-2017","DATEOFBIRTH"
"B","2016-2017","DATEOFBIRTH"
"C","2016-2017","PARENTSADJUSTEDGROSSINCOMEFROMIRSFORM"
"C","2016-2017","PARENTSUSINCOMETAXPAID"
"C","2016-2017","STUDENTSADJUSTEDGROSSINCOMEFROMIRSFORM"
"C","2016-2017","STUDENTSUSINCOMETAXPAID"
"D","2016-2017","STUDENTFIRSTNAME"
"D","2016-2017","STUDENTLASTNAME"
"E","2016-2017","PARENT1FIRSTNAMEINITIAL"
"E","2016-2017","PARENT1LASTNAME"
"F","2016-2017","PARENT2FIRSTNAMEINITIAL"
"F","2016-2017","PARENT2LASTNAME"
"G","2016-2017","IRSSTUDENTAGIDATAFIELDFLAG"
"G","2016-2017","STUDENTSUSINCOMETAXPAID"
"J","2016-2017","PARENT1SOCIALSECURITYNUMBER"
"K","2016-2017","PARENT2SOCIALSECURITYNUMBER"
"N","2016-2017","STUDENTFIRSTNAME"
"N","2016-2017","STUDENTLASTNAME"
"R","2016-2017","DATEOFBIRTH"
"S","2016-2017","PARENT1DATEOFBIRTH"
"T","2016-2017","PARENT2DATEOFBIRTH"
"W","2016-2017","PARENTSNUMBEROFFAMILYMEMBERS"
"W","2016-2017","STUDENTSNUMBEROFFAMILYMEMBERS"
"1","2017-2018","PARENTSBUSINESSANDORINVESTMENTFARMNETWORTH"
"1","2017-2018","PARENTSCASHSAVINGSANDCHECKING"
"1","2017-2018","PARENTSINVESTMENTNETWORTH"
"1","2017-2018","STUDENTSBUSINESSANDORINVESTMENTFARMNETWORTH"
"1","2017-2018","STUDENTSCASHSAVINGSANDCHECKING"
"1","2017-2018","STUDENTSINVESTMENTNETWORTH"
"2","2017-2018","PARENT1INCOMEEARNEDFROMWORK"
"2","2017-2018","PARENT2INCOMEEARNEDFROMWORK"
"2","2017-2018","PARENTSCHILDSUPPORTRECEIVED"
"2","2017-2018","PARENTSINTERESTINCOME"
"2","2017-2018","PARENTSIRADISTRIBUTIONS"
"2","2017-2018","PARENTSMILITARYCLERGYALLOWANCES"
"2","2017-2018","PARENTSOTHERUNTAXEDINCOME"
"2","2017-2018","PARENTSUNTAXEDPENSIONS"
"2","2017-2018","PARENTSVETERANSNONEDUCATIONBENEFITS"
"2","2017-2018","SPOUSESINCOMEEARNEDFROMWORK"
"2","2017-2018","STUDENTSCHILDSUPPORTRECEIVED"
"2","2017-2018","STUDENTSINCOMEEARNEDFROMWORK"
"2","2017-2018","STUDENTSINTERESTINCOME"
"2","2017-2018","STUDENTSIRADISTRIBUTIONS"
"2","2017-2018","STUDENTSMILITARYCLERGYALLOWANCES"
"2","2017-2018","STUDENTSOTHERNONREPORTEDMONEY"
"2","2017-2018","STUDENTSOTHERUNTAXEDINCOME"
"2","2017-2018","STUDENTSUNTAXEDPENSIONS"
"2","2017-2018","STUDENTSVETERANSNONEDUCATIONBENEFITS"
"3","2017-2018","STUDENTSADJUSTEDGROSSINCOMEFROMIRSFORM"
"3","2017-2018","STUDENTSUSINCOMETAXPAID"
"4","2017-2018","DATEAPPLICATIONCOMPLETED"
"4","2017-2018","STUDENTMARITALSTATUS"
"5","2017-2018","DATEOFBIRTH"
"6","2017-2018","PARENT1DATEOFBIRTH"
"6","2017-2018","PARENT1FIRSTNAMEINITIAL"
"6","2017-2018","PARENT1LASTNAME"
"6","2017-2018","PARENT1SOCIALSECURITYNUMBER"
"6","2017-2018","PARENT2DATEOFBIRTH"
"6","2017-2018","PARENT2FIRSTNAMEINITIAL"
"6","2017-2018","PARENT2LASTNAME"
"7","2017-2018","PARENT1DATEOFBIRTH"
"7","2017-2018","PARENT1LASTNAME"
"7","2017-2018","PARENT2DATEOFBIRTH"
"7","2017-2018","PARENT2LASTNAME"
"7","2017-2018","PARENT2SOCIALSECURITYNUMBER"
"8","2017-2018","STUDENTSSN"
"9","2017-2018","PARENT1DATEOFBIRTH"
"9","2017-2018","PARENT1FIRSTNAMEINITIAL"
"9","2017-2018","PARENT1LASTNAME"
"9","2017-2018","PARENT1SOCIALSECURITYNUMBER"
"9","2017-2018","PARENT2DATEOFBIRTH"
"9","2017-2018","PARENT2FIRSTNAMEINITIAL"
"9","2017-2018","PARENT2LASTNAME"
"9","2017-2018","PARENT2SOCIALSECURITYNUMBER"
"10","2017-2018","PARENTSMARITALSTATUS"
"10","2017-2018","PARENTSNUMBEROFFAMILYMEMBERS"
"10","2017-2018","STUDENTMARITALSTATUS"
"10","2017-2018","STUDENTSNUMBEROFFAMILYMEMBERS"
"11","2017-2018","ASSUMEDPARENT1INCOMEEARNEDFROMWORK"
"11","2017-2018","ASSUMEDPARENT2INCOMEEARNEDFROMWORK"
"11","2017-2018","FATHERSSTEPFATHERSINCOMEEARNEDFROMWORK"
"11","2017-2018","MOTHERSSTEPMOTHERSINCOMEEARNEDFROMWORK"
"11","2017-2018","PARENT1INCOMEEARNEDFROMWORK"
"11","2017-2018","PARENT2INCOMEEARNEDFROMWORK"
"11","2017-2018","PARENTSMARITALSTATUS"
"11","2017-2018","SPOUSESINCOMEEARNEDFROMWORK"
"11","2017-2018","STUDENTMARITALSTATUS"
"11","2017-2018","STUDENTSINCOMEEARNEDFROMWORK"
"12","2017-2018","PARENTSADJUSTEDGROSSINCOMEFROMIRSFORM"
"12","2017-2018","PARENTSUSINCOMETAXPAID"
"13","2017-2018","STUDENTFIRSTNAME"
"13","2017-2018","STUDENTLASTNAME"
"14","2017-2018","SIGNEDBY"
"16","2017-2018","SIGNEDBY"
"17","2017-2018","ALIENREGISTRATIONNUMBER"
"17","2017-2018","CITIZENSHIPSTATUS"
"18","2017-2018","STUDENTSSN"
"19","2017-2018","DRUGCONVICTIONAFFECTINGELIGIBILITY"
"20","2017-2018","PARENT1INCOMEEARNEDFROMWORK"
"20","2017-2018","PARENT2INCOMEEARNEDFROMWORK"
"20","2017-2018","PARENTSTAXRETURNFILINGSTATUS"
"20","2017-2018","SPOUSESINCOMEEARNEDFROMWORK"
"20","2017-2018","STUDENTSINCOMEEARNEDFROMWORK"
"20","2017-2018","STUDENTSINCOMEEARNEDFROMWORK"
"20","2017-2018","STUDENTSTAXRETURNFILINGSTATUS"
"20","2017-2018","STUDENTSTAXRETURNFILINGSTATUS"
"21","2017-2018","MARITALSTATUSDATE"
"21","2017-2018","STUDENTMARITALSTATUS"
"24","2017-2018","NSLDSFRAUDLOANFLAG"
"A","2017-2018","DATEOFBIRTH"
"B","2017-2018","DATEOFBIRTH"
"C","2017-2018","PARENTSADJUSTEDGROSSINCOMEFROMIRSFORM"
"C","2017-2018","PARENTSUSINCOMETAXPAID"
"C","2017-2018","STUDENTSADJUSTEDGROSSINCOMEFROMIRSFORM"
"C","2017-2018","STUDENTSUSINCOMETAXPAID"
"D","2017-2018","STUDENTFIRSTNAME"
"D","2017-2018","STUDENTLASTNAME"
"E","2017-2018","PARENT1FIRSTNAMEINITIAL"
"E","2017-2018","PARENT1LASTNAME"
"F","2017-2018","PARENT2FIRSTNAMEINITIAL"
"F","2017-2018","PARENT2LASTNAME"
"G","2017-2018","IRSSTUDENTAGIDATAFIELDFLAG"
"G","2017-2018","STUDENTSUSINCOMETAXPAID"
"J","2017-2018","PARENT1SOCIALSECURITYNUMBER"
"K","2017-2018","PARENT2SOCIALSECURITYNUMBER"
"N","2017-2018","STUDENTFIRSTNAME"
"N","2017-2018","STUDENTLASTNAME"
"R","2017-2018","DATEOFBIRTH"
"S","2017-2018","PARENT1DATEOFBIRTH"
"T","2017-2018","PARENT2DATEOFBIRTH"
"W","2017-2018","PARENTSNUMBEROFFAMILYMEMBERS"
"W","2017-2018","STUDENTSNUMBEROFFAMILYMEMBERS"
"1","2018-2019","PARENTSBUSINESSANDORINVESTMENTFARMNETWORTH"
"1","2018-2019","PARENTSCASHSAVINGSANDCHECKING"
"1","2018-2019","PARENTSINVESTMENTNETWORTH"
"1","2018-2019","STUDENTSBUSINESSANDORINVESTMENTFARMNETWORTH"
"1","2018-2019","STUDENTSCASHSAVINGSANDCHECKING"
"1","2018-2019","STUDENTSINVESTMENTNETWORTH"
"2","2018-2019","PARENT1INCOMEEARNEDFROMWORK"
"2","2018-2019","PARENT2INCOMEEARNEDFROMWORK"
"2","2018-2019","PARENTSCHILDSUPPORTRECEIVED"
"2","2018-2019","PARENTSINTERESTINCOME"
"2","2018-2019","PARENTSIRADISTRIBUTIONS"
"2","2018-2019","PARENTSMILITARYCLERGYALLOWANCES"
"2","2018-2019","PARENTSOTHERUNTAXEDINCOME"
"2","2018-2019","PARENTSUNTAXEDPENSIONS"
"2","2018-2019","PARENTSVETERANSNONEDUCATIONBENEFITS"
"2","2018-2019","SPOUSESINCOMEEARNEDFROMWORK"
"2","2018-2019","STUDENTSCHILDSUPPORTRECEIVED"
"2","2018-2019","STUDENTSINCOMEEARNEDFROMWORK"
"2","2018-2019","STUDENTSINTERESTINCOME"
"2","2018-2019","STUDENTSIRADISTRIBUTIONS"
"2","2018-2019","STUDENTSMILITARYCLERGYALLOWANCES"
"2","2018-2019","STUDENTSOTHERNONREPORTEDMONEY"
"2","2018-2019","STUDENTSOTHERUNTAXEDINCOME"
"2","2018-2019","STUDENTSUNTAXEDPENSIONS"
"2","2018-2019","STUDENTSVETERANSNONEDUCATIONBENEFITS"
"3","2018-2019","STUDENTSADJUSTEDGROSSINCOMEFROMIRSFORM"
"3","2018-2019","STUDENTSUSINCOMETAXPAID"
"4","2018-2019","DATEAPPLICATIONCOMPLETED"
"4","2018-2019","STUDENTMARITALSTATUS"
"5","2018-2019","DATEOFBIRTH"
"6","2018-2019","PARENT1DATEOFBIRTH"
"6","2018-2019","PARENT1FIRSTNAMEINITIAL"
"6","2018-2019","PARENT1LASTNAME"
"6","2018-2019","PARENT1SOCIALSECURITYNUMBER"
"6","2018-2019","PARENT2DATEOFBIRTH"
"6","2018-2019","PARENT2FIRSTNAMEINITIAL"
"6","2018-2019","PARENT2LASTNAME"
"7","2018-2019","PARENT1DATEOFBIRTH"
"7","2018-2019","PARENT1LASTNAME"
"7","2018-2019","PARENT2DATEOFBIRTH"
"7","2018-2019","PARENT2LASTNAME"
"7","2018-2019","PARENT2SOCIALSECURITYNUMBER"
"8","2018-2019","STUDENTSSN"
"9","2018-2019","PARENT1DATEOFBIRTH"
"9","2018-2019","PARENT1FIRSTNAMEINITIAL"
"9","2018-2019","PARENT1LASTNAME"
"9","2018-2019","PARENT1SOCIALSECURITYNUMBER"
"9","2018-2019","PARENT2DATEOFBIRTH"
"9","2018-2019","PARENT2FIRSTNAMEINITIAL"
"9","2018-2019","PARENT2LASTNAME"
"9","2018-2019","PARENT2SOCIALSECURITYNUMBER"
"10","2018-2019","PARENTSMARITALSTATUS"
"10","2018-2019","PARENTSNUMBEROFFAMILYMEMBERS"
"10","2018-2019","STUDENTMARITALSTATUS"
"10","2018-2019","STUDENTSNUMBEROFFAMILYMEMBERS"
"11","2018-2019","ASSUMEDPARENT1INCOMEEARNEDFROMWORK"
"11","2018-2019","ASSUMEDPARENT2INCOMEEARNEDFROMWORK"
"11","2018-2019","FATHERSSTEPFATHERSINCOMEEARNEDFROMWORK"
"11","2018-2019","MOTHERSSTEPMOTHERSINCOMEEARNEDFROMWORK"
"11","2018-2019","PARENT1INCOMEEARNEDFROMWORK"
"11","2018-2019","PARENT2INCOMEEARNEDFROMWORK"
"11","2018-2019","PARENTSMARITALSTATUS"
"11","2018-2019","SPOUSESINCOMEEARNEDFROMWORK"
"11","2018-2019","STUDENTMARITALSTATUS"
"11","2018-2019","STUDENTSINCOMEEARNEDFROMWORK"
"12","2018-2019","PARENTSADJUSTEDGROSSINCOMEFROMIRSFORM"
"12","2018-2019","PARENTSUSINCOMETAXPAID"
"13","2018-2019","STUDENTFIRSTNAME"
"13","2018-2019","STUDENTLASTNAME"
"14","2018-2019","SIGNEDBY"
"16","2018-2019","SIGNEDBY"
"17","2018-2019","ALIENREGISTRATIONNUMBER"
"17","2018-2019","CITIZENSHIPSTATUS"
"18","2018-2019","STUDENTSSN"
"19","2018-2019","DRUGCONVICTIONAFFECTINGELIGIBILITY"
"20","2018-2019","PARENT1INCOMEEARNEDFROMWORK"
"20","2018-2019","PARENT2INCOMEEARNEDFROMWORK"
"20","2018-2019","PARENTSTAXRETURNFILINGSTATUS"
"20","2018-2019","SPOUSESINCOMEEARNEDFROMWORK"
"20","2018-2019","STUDENTSINCOMEEARNEDFROMWORK"
"20","2018-2019","STUDENTSINCOMEEARNEDFROMWORK"
"20","2018-2019","STUDENTSTAXRETURNFILINGSTATUS"
"20","2018-2019","STUDENTSTAXRETURNFILINGSTATUS"
"21","2018-2019","MARITALSTATUSDATE"
"21","2018-2019","STUDENTMARITALSTATUS"
"24","2018-2019","NSLDSFRAUDLOANFLAG"
"A","2018-2019","DATEOFBIRTH"
"B","2018-2019","DATEOFBIRTH"
"C","2018-2019","PARENTSADJUSTEDGROSSINCOMEFROMIRSFORM"
"C","2018-2019","PARENTSUSINCOMETAXPAID"
"C","2018-2019","STUDENTSADJUSTEDGROSSINCOMEFROMIRSFORM"
"C","2018-2019","STUDENTSUSINCOMETAXPAID"
"D","2018-2019","STUDENTFIRSTNAME"
"D","2018-2019","STUDENTLASTNAME"
"E","2018-2019","PARENT1FIRSTNAMEINITIAL"
"E","2018-2019","PARENT1LASTNAME"
"F","2018-2019","PARENT2FIRSTNAMEINITIAL"
"F","2018-2019","PARENT2LASTNAME"
"G","2018-2019","IRSSTUDENTAGIDATAFIELDFLAG"
"G","2018-2019","STUDENTSUSINCOMETAXPAID"
"J","2018-2019","PARENT1SOCIALSECURITYNUMBER"
"K","2018-2019","PARENT2SOCIALSECURITYNUMBER"
"N","2018-2019","STUDENTFIRSTNAME"
"N","2018-2019","STUDENTLASTNAME"
"R","2018-2019","DATEOFBIRTH"
"S","2018-2019","PARENT1DATEOFBIRTH"
"T","2018-2019","PARENT2DATEOFBIRTH"
"W","2018-2019","PARENTSNUMBEROFFAMILYMEMBERS"
"W","2018-2019","STUDENTSNUMBEROFFAMILYMEMBERS"
"1","2019-2020","PARENTSBUSINESSANDORINVESTMENTFARMNETWORTH"
"1","2019-2020","PARENTSCASHSAVINGSANDCHECKING"
"1","2019-2020","PARENTSINVESTMENTNETWORTH"
"1","2019-2020","STUDENTSBUSINESSANDORINVESTMENTFARMNETWORTH"
"1","2019-2020","STUDENTSCASHSAVINGSANDCHECKING"
"1","2019-2020","STUDENTSINVESTMENTNETWORTH"
"2","2019-2020","PARENT1INCOMEEARNEDFROMWORK"
"2","2019-2020","PARENT2INCOMEEARNEDFROMWORK"
"2","2019-2020","PARENTSCHILDSUPPORTRECEIVED"
"2","2019-2020","PARENTSINTERESTINCOME"
"2","2019-2020","PARENTSIRADISTRIBUTIONS"
"2","2019-2020","PARENTSMILITARYCLERGYALLOWANCES"
"2","2019-2020","PARENTSOTHERUNTAXEDINCOME"
"2","2019-2020","PARENTSUNTAXEDPENSIONS"
"2","2019-2020","PARENTSVETERANSNONEDUCATIONBENEFITS"
"2","2019-2020","SPOUSESINCOMEEARNEDFROMWORK"
"2","2019-2020","STUDENTSCHILDSUPPORTRECEIVED"
"2","2019-2020","STUDENTSINCOMEEARNEDFROMWORK"
"2","2019-2020","STUDENTSINTERESTINCOME"
"2","2019-2020","STUDENTSIRADISTRIBUTIONS"
"2","2019-2020","STUDENTSMILITARYCLERGYALLOWANCES"
"2","2019-2020","STUDENTSOTHERNONREPORTEDMONEY"
"2","2019-2020","STUDENTSOTHERUNTAXEDINCOME"
"2","2019-2020","STUDENTSUNTAXEDPENSIONS"
"2","2019-2020","STUDENTSVETERANSNONEDUCATIONBENEFITS"
"3","2019-2020","STUDENTSADJUSTEDGROSSINCOMEFROMIRSFORM"
"3","2019-2020","STUDENTSUSINCOMETAXPAID"
"4","2019-2020","DATEAPPLICATIONCOMPLETED"
"4","2019-2020","STUDENTMARITALSTATUS"
"5","2019-2020","DATEOFBIRTH"
"6","2019-2020","PARENT1DATEOFBIRTH"
"6","2019-2020","PARENT1FIRSTNAMEINITIAL"
"6","2019-2020","PARENT1LASTNAME"
"6","2019-2020","PARENT1SOCIALSECURITYNUMBER"
"6","2019-2020","PARENT2DATEOFBIRTH"
"6","2019-2020","PARENT2FIRSTNAMEINITIAL"
"6","2019-2020","PARENT2LASTNAME"
"7","2019-2020","PARENT1DATEOFBIRTH"
"7","2019-2020","PARENT1LASTNAME"
"7","2019-2020","PARENT2DATEOFBIRTH"
"7","2019-2020","PARENT2LASTNAME"
"7","2019-2020","PARENT2SOCIALSECURITYNUMBER"
"8","2019-2020","STUDENTSSN"
"9","2019-2020","PARENT1DATEOFBIRTH"
"9","2019-2020","PARENT1FIRSTNAMEINITIAL"
"9","2019-2020","PARENT1LASTNAME"
"9","2019-2020","PARENT1SOCIALSECURITYNUMBER"
"9","2019-2020","PARENT2DATEOFBIRTH"
"9","2019-2020","PARENT2FIRSTNAMEINITIAL"
"9","2019-2020","PARENT2LASTNAME"
"9","2019-2020","PARENT2SOCIALSECURITYNUMBER"
"10","2019-2020","PARENTSMARITALSTATUS"
"10","2019-2020","PARENTSNUMBEROFFAMILYMEMBERS"
"10","2019-2020","STUDENTMARITALSTATUS"
"10","2019-2020","STUDENTSNUMBEROFFAMILYMEMBERS"
"11","2019-2020","ASSUMEDPARENT1INCOMEEARNEDFROMWORK"
"11","2019-2020","ASSUMEDPARENT2INCOMEEARNEDFROMWORK"
"11","2019-2020","FATHERSSTEPFATHERSINCOMEEARNEDFROMWORK"
"11","2019-2020","MOTHERSSTEPMOTHERSINCOMEEARNEDFROMWORK"
"11","2019-2020","PARENT1INCOMEEARNEDFROMWORK"
"11","2019-2020","PARENT2INCOMEEARNEDFROMWORK"
"11","2019-2020","PARENTSMARITALSTATUS"
"11","2019-2020","SPOUSESINCOMEEARNEDFROMWORK"
"11","2019-2020","STUDENTMARITALSTATUS"
"11","2019-2020","STUDENTSINCOMEEARNEDFROMWORK"
"12","2019-2020","PARENTSADJUSTEDGROSSINCOMEFROMIRSFORM"
"12","2019-2020","PARENTSUSINCOMETAXPAID"
"13","2019-2020","STUDENTFIRSTNAME"
"13","2019-2020","STUDENTLASTNAME"
"14","2019-2020","SIGNEDBY"
"16","2019-2020","SIGNEDBY"
"17","2019-2020","ALIENREGISTRATIONNUMBER"
"17","2019-2020","CITIZENSHIPSTATUS"
"18","2019-2020","STUDENTSSN"
"19","2019-2020","DRUGCONVICTIONAFFECTINGELIGIBILITY"
"20","2019-2020","PARENT1INCOMEEARNEDFROMWORK"
"20","2019-2020","PARENT2INCOMEEARNEDFROMWORK"
"20","2019-2020","PARENTSTAXRETURNFILINGSTATUS"
"20","2019-2020","SPOUSESINCOMEEARNEDFROMWORK"
"20","2019-2020","STUDENTSINCOMEEARNEDFROMWORK"
"20","2019-2020","STUDENTSINCOMEEARNEDFROMWORK"
"20","2019-2020","STUDENTSTAXRETURNFILINGSTATUS"
"20","2019-2020","STUDENTSTAXRETURNFILINGSTATUS"
"21","2019-2020","MARITALSTATUSDATE"
"21","2019-2020","STUDENTMARITALSTATUS"
"24","2019-2020","NSLDSFRAUDLOANFLAG"
"A","2019-2020","DATEOFBIRTH"
"B","2019-2020","DATEOFBIRTH"
"C","2019-2020","PARENTSADJUSTEDGROSSINCOMEFROMIRSFORM"
"C","2019-2020","PARENTSUSINCOMETAXPAID"
"C","2019-2020","STUDENTSADJUSTEDGROSSINCOMEFROMIRSFORM"
"C","2019-2020","STUDENTSUSINCOMETAXPAID"
"D","2019-2020","STUDENTFIRSTNAME"
"D","2019-2020","STUDENTLASTNAME"
"E","2019-2020","PARENT1FIRSTNAMEINITIAL"
"E","2019-2020","PARENT1LASTNAME"
"F","2019-2020","PARENT2FIRSTNAMEINITIAL"
"F","2019-2020","PARENT2LASTNAME"
"G","2019-2020","IRSSTUDENTAGIDATAFIELDFLAG"
"G","2019-2020","STUDENTSUSINCOMETAXPAID"
"J","2019-2020","PARENT1SOCIALSECURITYNUMBER"
"K","2019-2020","PARENT2SOCIALSECURITYNUMBER"
"N","2019-2020","STUDENTFIRSTNAME"
"N","2019-2020","STUDENTLASTNAME"
"R","2019-2020","DATEOFBIRTH"
"S","2019-2020","PARENT1DATEOFBIRTH"
"T","2019-2020","PARENT2DATEOFBIRTH"
"W","2019-2020","PARENTSNUMBEROFFAMILYMEMBERS"
"W","2019-2020","STUDENTSNUMBEROFFAMILYMEMBERS"
"1","2020-2021","PARENTSBUSINESSANDORINVESTMENTFARMNETWORTH"
"1","2020-2021","PARENTSCASHSAVINGSANDCHECKING"
"1","2020-2021","PARENTSINVESTMENTNETWORTH"
"1","2020-2021","STUDENTSBUSINESSANDORINVESTMENTFARMNETWORTH"
"1","2020-2021","STUDENTSCASHSAVINGSANDCHECKING"
"1","2020-2021","STUDENTSINVESTMENTNETWORTH"
"2","2020-2021","PARENT1INCOMEEARNEDFROMWORK"
"2","2020-2021","PARENT2INCOMEEARNEDFROMWORK"
"2","2020-2021","PARENTSCHILDSUPPORTRECEIVED"
"2","2020-2021","PARENTSINTERESTINCOME"
"2","2020-2021","PARENTSIRADISTRIBUTIONS"
"2","2020-2021","PARENTSMILITARYCLERGYALLOWANCES"
"2","2020-2021","PARENTSOTHERUNTAXEDINCOME"
"2","2020-2021","PARENTSUNTAXEDPENSIONS"
"2","2020-2021","PARENTSVETERANSNONEDUCATIONBENEFITS"
"2","2020-2021","SPOUSESINCOMEEARNEDFROMWORK"
"2","2020-2021","STUDENTSCHILDSUPPORTRECEIVED"
"2","2020-2021","STUDENTSINCOMEEARNEDFROMWORK"
"2","2020-2021","STUDENTSINTERESTINCOME"
"2","2020-2021","STUDENTSIRADISTRIBUTIONS"
"2","2020-2021","STUDENTSMILITARYCLERGYALLOWANCES"
"2","2020-2021","STUDENTSOTHERNONREPORTEDMONEY"
"2","2020-2021","STUDENTSOTHERUNTAXEDINCOME"
"2","2020-2021","STUDENTSUNTAXEDPENSIONS"
"2","2020-2021","STUDENTSVETERANSNONEDUCATIONBENEFITS"
"3","2020-2021","STUDENTSADJUSTEDGROSSINCOMEFROMIRSFORM"
"3","2020-2021","STUDENTSUSINCOMETAXPAID"
"4","2020-2021","DATEAPPLICATIONCOMPLETED"
"4","2020-2021","STUDENTMARITALSTATUS"
"5","2020-2021","DATEOFBIRTH"
"6","2020-2021","PARENT1DATEOFBIRTH"
"6","2020-2021","PARENT1FIRSTNAMEINITIAL"
"6","2020-2021","PARENT1LASTNAME"
"6","2020-2021","PARENT1SOCIALSECURITYNUMBER"
"6","2020-2021","PARENT2DATEOFBIRTH"
"6","2020-2021","PARENT2FIRSTNAMEINITIAL"
"6","2020-2021","PARENT2LASTNAME"
"7","2020-2021","PARENT1DATEOFBIRTH"
"7","2020-2021","PARENT1LASTNAME"
"7","2020-2021","PARENT2DATEOFBIRTH"
"7","2020-2021","PARENT2LASTNAME"
"7","2020-2021","PARENT2SOCIALSECURITYNUMBER"
"8","2020-2021","STUDENTSSN"
"9","2020-2021","PARENT1DATEOFBIRTH"
"9","2020-2021","PARENT1FIRSTNAMEINITIAL"
"9","2020-2021","PARENT1LASTNAME"
"9","2020-2021","PARENT1SOCIALSECURITYNUMBER"
"9","2020-2021","PARENT2DATEOFBIRTH"
"9","2020-2021","PARENT2FIRSTNAMEINITIAL"
"9","2020-2021","PARENT2LASTNAME"
"9","2020-2021","PARENT2SOCIALSECURITYNUMBER"
"10","2020-2021","PARENTSMARITALSTATUS"
"10","2020-2021","PARENTSNUMBEROFFAMILYMEMBERS"
"10","2020-2021","STUDENTMARITALSTATUS"
"10","2020-2021","STUDENTSNUMBEROFFAMILYMEMBERS"
"11","2020-2021","ASSUMEDPARENT1INCOMEEARNEDFROMWORK"
"11","2020-2021","ASSUMEDPARENT2INCOMEEARNEDFROMWORK"
"11","2020-2021","FATHERSSTEPFATHERSINCOMEEARNEDFROMWORK"
"11","2020-2021","MOTHERSSTEPMOTHERSINCOMEEARNEDFROMWORK"
"11","2020-2021","PARENT1INCOMEEARNEDFROMWORK"
"11","2020-2021","PARENT2INCOMEEARNEDFROMWORK"
"11","2020-2021","PARENTSMARITALSTATUS"
"11","2020-2021","SPOUSESINCOMEEARNEDFROMWORK"
"11","2020-2021","STUDENTMARITALSTATUS"
"11","2020-2021","STUDENTSINCOMEEARNEDFROMWORK"
"12","2020-2021","PARENTSADJUSTEDGROSSINCOMEFROMIRSFORM"
"12","2020-2021","PARENTSUSINCOMETAXPAID"
"13","2020-2021","STUDENTFIRSTNAME"
"13","2020-2021","STUDENTLASTNAME"
"14","2020-2021","SIGNEDBY"
"16","2020-2021","SIGNEDBY"
"17","2020-2021","ALIENREGISTRATIONNUMBER"
"17","2020-2021","CITIZENSHIPSTATUS"
"18","2020-2021","STUDENTSSN"
"19","2020-2021","DRUGCONVICTIONAFFECTINGELIGIBILITY"
"20","2020-2021","PARENT1INCOMEEARNEDFROMWORK"
"20","2020-2021","PARENT2INCOMEEARNEDFROMWORK"
"20","2020-2021","PARENTSTAXRETURNFILINGSTATUS"
"20","2020-2021","SPOUSESINCOMEEARNEDFROMWORK"
"20","2020-2021","STUDENTSINCOMEEARNEDFROMWORK"
"20","2020-2021","STUDENTSINCOMEEARNEDFROMWORK"
"20","2020-2021","STUDENTSTAXRETURNFILINGSTATUS"
"20","2020-2021","STUDENTSTAXRETURNFILINGSTATUS"
"21","2020-2021","MARITALSTATUSDATE"
"21","2020-2021","STUDENTMARITALSTATUS"
"24","2020-2021","NSLDSFRAUDLOANFLAG"
"A","2020-2021","DATEOFBIRTH"
"B","2020-2021","DATEOFBIRTH"
"C","2020-2021","PARENTSADJUSTEDGROSSINCOMEFROMIRSFORM"
"C","2020-2021","PARENTSUSINCOMETAXPAID"
"C","2020-2021","STUDENTSADJUSTEDGROSSINCOMEFROMIRSFORM"
"C","2020-2021","STUDENTSUSINCOMETAXPAID"
"D","2020-2021","STUDENTFIRSTNAME"
"D","2020-2021","STUDENTLASTNAME"
"E","2020-2021","PARENT1FIRSTNAMEINITIAL"
"E","2020-2021","PARENT1LASTNAME"
"F","2020-2021","PARENT2FIRSTNAMEINITIAL"
"F","2020-2021","PARENT2LASTNAME"
"G","2020-2021","IRSSTUDENTAGIDATAFIELDFLAG"
"G","2020-2021","STUDENTSUSINCOMETAXPAID"
"J","2020-2021","PARENT1SOCIALSECURITYNUMBER"
"K","2020-2021","PARENT2SOCIALSECURITYNUMBER"
"N","2020-2021","STUDENTFIRSTNAME"
"N","2020-2021","STUDENTLASTNAME"
"R","2020-2021","DATEOFBIRTH"
"S","2020-2021","PARENT1DATEOFBIRTH"
"T","2020-2021","PARENT2DATEOFBIRTH"
"W","2020-2021","PARENTSNUMBEROFFAMILYMEMBERS"
"W","2020-2021","STUDENTSNUMBEROFFAMILYMEMBERS"
"1","2021-2022","PARENTSBUSINESSANDORINVESTMENTFARMNETWORTH"
"1","2021-2022","PARENTSCASHSAVINGSANDCHECKING"
"1","2021-2022","PARENTSINVESTMENTNETWORTH"
"1","2021-2022","STUDENTSBUSINESSANDORINVESTMENTFARMNETWORTH"
"1","2021-2022","STUDENTSCASHSAVINGSANDCHECKING"
"1","2021-2022","STUDENTSINVESTMENTNETWORTH"
"2","2021-2022","PARENT1INCOMEEARNEDFROMWORK"
"2","2021-2022","PARENT2INCOMEEARNEDFROMWORK"
"2","2021-2022","PARENTSCHILDSUPPORTRECEIVED"
"2","2021-2022","PARENTSINTERESTINCOME"
"2","2021-2022","PARENTSIRADISTRIBUTIONS"
"2","2021-2022","PARENTSMILITARYCLERGYALLOWANCES"
"2","2021-2022","PARENTSOTHERUNTAXEDINCOME"
"2","2021-2022","PARENTSUNTAXEDPENSIONS"
"2","2021-2022","PARENTSVETERANSNONEDUCATIONBENEFITS"
"2","2021-2022","SPOUSESINCOMEEARNEDFROMWORK"
"2","2021-2022","STUDENTSCHILDSUPPORTRECEIVED"
"2","2021-2022","STUDENTSINCOMEEARNEDFROMWORK"
"2","2021-2022","STUDENTSINTERESTINCOME"
"2","2021-2022","STUDENTSIRADISTRIBUTIONS"
"2","2021-2022","STUDENTSMILITARYCLERGYALLOWANCES"
"2","2021-2022","STUDENTSOTHERNONREPORTEDMONEY"
"2","2021-2022","STUDENTSOTHERUNTAXEDINCOME"
"2","2021-2022","STUDENTSUNTAXEDPENSIONS"
"2","2021-2022","STUDENTSVETERANSNONEDUCATIONBENEFITS"
"3","2021-2022","STUDENTSADJUSTEDGROSSINCOMEFROMIRSFORM"
"3","2021-2022","STUDENTSUSINCOMETAXPAID"
"4","2021-2022","DATEAPPLICATIONCOMPLETED"
"4","2021-2022","STUDENTMARITALSTATUS"
"5","2021-2022","DATEOFBIRTH"
"6","2021-2022","PARENT1DATEOFBIRTH"
"6","2021-2022","PARENT1FIRSTNAMEINITIAL"
"6","2021-2022","PARENT1LASTNAME"
"6","2021-2022","PARENT1SOCIALSECURITYNUMBER"
"6","2021-2022","PARENT2DATEOFBIRTH"
"6","2021-2022","PARENT2FIRSTNAMEINITIAL"
"6","2021-2022","PARENT2LASTNAME"
"7","2021-2022","PARENT1DATEOFBIRTH"
"7","2021-2022","PARENT1LASTNAME"
"7","2021-2022","PARENT2DATEOFBIRTH"
"7","2021-2022","PARENT2LASTNAME"
"7","2021-2022","PARENT2SOCIALSECURITYNUMBER"
"8","2021-2022","STUDENTSSN"
"9","2021-2022","PARENT1DATEOFBIRTH"
"9","2021-2022","PARENT1FIRSTNAMEINITIAL"
"9","2021-2022","PARENT1LASTNAME"
"9","2021-2022","PARENT1SOCIALSECURITYNUMBER"
"9","2021-2022","PARENT2DATEOFBIRTH"
"9","2021-2022","PARENT2FIRSTNAMEINITIAL"
"9","2021-2022","PARENT2LASTNAME"
"9","2021-2022","PARENT2SOCIALSECURITYNUMBER"
"10","2021-2022","PARENTSMARITALSTATUS"
"10","2021-2022","PARENTSNUMBEROFFAMILYMEMBERS"
"10","2021-2022","STUDENTMARITALSTATUS"
"10","2021-2022","STUDENTSNUMBEROFFAMILYMEMBERS"
"11","2021-2022","ASSUMEDPARENT1INCOMEEARNEDFROMWORK"
"11","2021-2022","ASSUMEDPARENT2INCOMEEARNEDFROMWORK"
"11","2021-2022","FATHERSSTEPFATHERSINCOMEEARNEDFROMWORK"
"11","2021-2022","MOTHERSSTEPMOTHERSINCOMEEARNEDFROMWORK"
"11","2021-2022","PARENT1INCOMEEARNEDFROMWORK"
"11","2021-2022","PARENT2INCOMEEARNEDFROMWORK"
"11","2021-2022","PARENTSMARITALSTATUS"
"11","2021-2022","SPOUSESINCOMEEARNEDFROMWORK"
"11","2021-2022","STUDENTMARITALSTATUS"
"11","2021-2022","STUDENTSINCOMEEARNEDFROMWORK"
"12","2021-2022","PARENTSADJUSTEDGROSSINCOMEFROMIRSFORM"
"12","2021-2022","PARENTSUSINCOMETAXPAID"
"13","2021-2022","STUDENTFIRSTNAME"
"13","2021-2022","STUDENTLASTNAME"
"14","2021-2022","SIGNEDBY"
"16","2021-2022","SIGNEDBY"
"17","2021-2022","ALIENREGISTRATIONNUMBER"
"17","2021-2022","CITIZENSHIPSTATUS"
"18","2021-2022","STUDENTSSN"
"19","2021-2022","DRUGCONVICTIONAFFECTINGELIGIBILITY"
"20","2021-2022","PARENT1INCOMEEARNEDFROMWORK"
"20","2021-2022","PARENT2INCOMEEARNEDFROMWORK"
"20","2021-2022","PARENTSTAXRETURNFILINGSTATUS"
"20","2021-2022","SPOUSESINCOMEEARNEDFROMWORK"
"20","2021-2022","STUDENTSINCOMEEARNEDFROMWORK"
"20","2021-2022","STUDENTSINCOMEEARNEDFROMWORK"
"20","2021-2022","STUDENTSTAXRETURNFILINGSTATUS"
"20","2021-2022","STUDENTSTAXRETURNFILINGSTATUS"
"21","2021-2022","MARITALSTATUSDATE"
"21","2021-2022","STUDENTMARITALSTATUS"
"24","2021-2022","NSLDSFRAUDLOANFLAG"
"A","2021-2022","DATEOFBIRTH"
"B","2021-2022","DATEOFBIRTH"
"C","2021-2022","PARENTSADJUSTEDGROSSINCOMEFROMIRSFORM"
"C","2021-2022","PARENTSUSINCOMETAXPAID"
"C","2021-2022","STUDENTSADJUSTEDGROSSINCOMEFROMIRSFORM"
"C","2021-2022","STUDENTSUSINCOMETAXPAID"
"D","2021-2022","STUDENTFIRSTNAME"
"D","2021-2022","STUDENTLASTNAME"
"E","2021-2022","PARENT1FIRSTNAMEINITIAL"
"E","2021-2022","PARENT1LASTNAME"
"F","2021-2022","PARENT2FIRSTNAMEINITIAL"
"F","2021-2022","PARENT2LASTNAME"
"G","2021-2022","IRSSTUDENTAGIDATAFIELDFLAG"
"G","2021-2022","STUDENTSUSINCOMETAXPAID"
"J","2021-2022","PARENT1SOCIALSECURITYNUMBER"
"K","2021-2022","PARENT2SOCIALSECURITYNUMBER"
"N","2021-2022","STUDENTFIRSTNAME"
"N","2021-2022","STUDENTLASTNAME"
"R","2021-2022","DATEOFBIRTH"
"S","2021-2022","PARENT1DATEOFBIRTH"
"T","2021-2022","PARENT2DATEOFBIRTH"
"W","2021-2022","PARENTSNUMBEROFFAMILYMEMBERS"
"W","2021-2022","STUDENTSNUMBEROFFAMILYMEMBERS"
"1","2022-2023","PARENTSBUSINESSANDORINVESTMENTFARMNETWORTH"
"1","2022-2023","PARENTSCASHSAVINGSANDCHECKING"
"1","2022-2023","PARENTSINVESTMENTNETWORTH"
"1","2022-2023","STUDENTSBUSINESSANDORINVESTMENTFARMNETWORTH"
"1","2022-2023","STUDENTSCASHSAVINGSANDCHECKING"
"1","2022-2023","STUDENTSINVESTMENTNETWORTH"
"2","2022-2023","PARENT1INCOMEEARNEDFROMWORK"
"2","2022-2023","PARENT2INCOMEEARNEDFROMWORK"
"2","2022-2023","PARENTSCHILDSUPPORTRECEIVED"
"2","2022-2023","PARENTSINTERESTINCOME"
"2","2022-2023","PARENTSIRADISTRIBUTIONS"
"2","2022-2023","PARENTSMILITARYCLERGYALLOWANCES"
"2","2022-2023","PARENTSOTHERUNTAXEDINCOME"
"2","2022-2023","PARENTSUNTAXEDPENSIONS"
"2","2022-2023","PARENTSVETERANSNONEDUCATIONBENEFITS"
"2","2022-2023","SPOUSESINCOMEEARNEDFROMWORK"
"2","2022-2023","STUDENTSCHILDSUPPORTRECEIVED"
"2","2022-2023","STUDENTSINCOMEEARNEDFROMWORK"
"2","2022-2023","STUDENTSINTERESTINCOME"
"2","2022-2023","STUDENTSIRADISTRIBUTIONS"
"2","2022-2023","STUDENTSMILITARYCLERGYALLOWANCES"
"2","2022-2023","STUDENTSOTHERNONREPORTEDMONEY"
"2","2022-2023","STUDENTSOTHERUNTAXEDINCOME"
"2","2022-2023","STUDENTSUNTAXEDPENSIONS"
"2","2022-2023","STUDENTSVETERANSNONEDUCATIONBENEFITS"
"3","2022-2023","STUDENTSADJUSTEDGROSSINCOMEFROMIRSFORM"
"3","2022-2023","STUDENTSUSINCOMETAXPAID"
"4","2022-2023","DATEAPPLICATIONCOMPLETED"
"4","2022-2023","STUDENTMARITALSTATUS"
"5","2022-2023","DATEOFBIRTH"
"6","2022-2023","PARENT1DATEOFBIRTH"
"6","2022-2023","PARENT1FIRSTNAMEINITIAL"
"6","2022-2023","PARENT1LASTNAME"
"6","2022-2023","PARENT1SOCIALSECURITYNUMBER"
"6","2022-2023","PARENT2DATEOFBIRTH"
"6","2022-2023","PARENT2FIRSTNAMEINITIAL"
"6","2022-2023","PARENT2LASTNAME"
"7","2022-2023","PARENT1DATEOFBIRTH"
"7","2022-2023","PARENT1LASTNAME"
"7","2022-2023","PARENT2DATEOFBIRTH"
"7","2022-2023","PARENT2LASTNAME"
"7","2022-2023","PARENT2SOCIALSECURITYNUMBER"
"8","2022-2023","STUDENTSSN"
"9","2022-2023","PARENT1DATEOFBIRTH"
"9","2022-2023","PARENT1FIRSTNAMEINITIAL"
"9","2022-2023","PARENT1LASTNAME"
"9","2022-2023","PARENT1SOCIALSECURITYNUMBER"
"9","2022-2023","PARENT2DATEOFBIRTH"
"9","2022-2023","PARENT2FIRSTNAMEINITIAL"
"9","2022-2023","PARENT2LASTNAME"
"9","2022-2023","PARENT2SOCIALSECURITYNUMBER"
"10","2022-2023","PARENTSMARITALSTATUS"
"10","2022-2023","PARENTSNUMBEROFFAMILYMEMBERS"
"10","2022-2023","STUDENTMARITALSTATUS"
"10","2022-2023","STUDENTSNUMBEROFFAMILYMEMBERS"
"11","2022-2023","ASSUMEDPARENT1INCOMEEARNEDFROMWORK"
"11","2022-2023","ASSUMEDPARENT2INCOMEEARNEDFROMWORK"
"11","2022-2023","FATHERSSTEPFATHERSINCOMEEARNEDFROMWORK"
"11","2022-2023","MOTHERSSTEPMOTHERSINCOMEEARNEDFROMWORK"
"11","2022-2023","PARENT1INCOMEEARNEDFROMWORK"
"11","2022-2023","PARENT2INCOMEEARNEDFROMWORK"
"11","2022-2023","PARENTSMARITALSTATUS"
"11","2022-2023","SPOUSESINCOMEEARNEDFROMWORK"
"11","2022-2023","STUDENTMARITALSTATUS"
"11","2022-2023","STUDENTSINCOMEEARNEDFROMWORK"
"12","2022-2023","PARENTSADJUSTEDGROSSINCOMEFROMIRSFORM"
"12","2022-2023","PARENTSUSINCOMETAXPAID"
"13","2022-2023","STUDENTFIRSTNAME"
"13","2022-2023","STUDENTLASTNAME"
"14","2022-2023","SIGNEDBY"
"16","2022-2023","SIGNEDBY"
"17","2022-2023","ALIENREGISTRATIONNUMBER"
"17","2022-2023","CITIZENSHIPSTATUS"
"18","2022-2023","STUDENTSSN"
"19","2022-2023","DRUGCONVICTIONAFFECTINGELIGIBILITY"
"20","2022-2023","PARENT1INCOMEEARNEDFROMWORK"
"20","2022-2023","PARENT2INCOMEEARNEDFROMWORK"
"20","2022-2023","PARENTSTAXRETURNFILINGSTATUS"
"20","2022-2023","SPOUSESINCOMEEARNEDFROMWORK"
"20","2022-2023","STUDENTSINCOMEEARNEDFROMWORK"
"20","2022-2023","STUDENTSINCOMEEARNEDFROMWORK"
"20","2022-2023","STUDENTSTAXRETURNFILINGSTATUS"
"20","2022-2023","STUDENTSTAXRETURNFILINGSTATUS"
"21","2022-2023","MARITALSTATUSDATE"
"21","2022-2023","STUDENTMARITALSTATUS"
"24","2022-2023","NSLDSFRAUDLOANFLAG"
"A","2022-2023","DATEOFBIRTH"
"B","2022-2023","DATEOFBIRTH"
"C","2022-2023","PARENTSADJUSTEDGROSSINCOMEFROMIRSFORM"
"C","2022-2023","PARENTSUSINCOMETAXPAID"
"C","2022-2023","STUDENTSADJUSTEDGROSSINCOMEFROMIRSFORM"
"C","2022-2023","STUDENTSUSINCOMETAXPAID"
"D","2022-2023","STUDENTFIRSTNAME"
"D","2022-2023","STUDENTLASTNAME"
"E","2022-2023","PARENT1FIRSTNAMEINITIAL"
"E","2022-2023","PARENT1LASTNAME"
"F","2022-2023","PARENT2FIRSTNAMEINITIAL"
"F","2022-2023","PARENT2LASTNAME"
"G","2022-2023","IRSSTUDENTAGIDATAFIELDFLAG"
"G","2022-2023","STUDENTSUSINCOMETAXPAID"
"J","2022-2023","PARENT1SOCIALSECURITYNUMBER"
"K","2022-2023","PARENT2SOCIALSECURITYNUMBER"
"N","2022-2023","STUDENTFIRSTNAME"
"N","2022-2023","STUDENTLASTNAME"
"R","2022-2023","DATEOFBIRTH"
"S","2022-2023","PARENT1DATEOFBIRTH"
"T","2022-2023","PARENT2DATEOFBIRTH"
"W","2022-2023","PARENTSNUMBEROFFAMILYMEMBERS"
"W","2022-2023","STUDENTSNUMBEROFFAMILYMEMBERS"
"1","2023-2024","PARENTSBUSINESSANDORINVESTMENTFARMNETWORTH"
"1","2023-2024","PARENTSCASHSAVINGSANDCHECKING"
"1","2023-2024","PARENTSINVESTMENTNETWORTH"
"1","2023-2024","STUDENTSBUSINESSANDORINVESTMENTFARMNETWORTH"
"1","2023-2024","STUDENTSCASHSAVINGSANDCHECKING"
"1","2023-2024","STUDENTSINVESTMENTNETWORTH"
"2","2023-2024","PARENT1INCOMEEARNEDFROMWORK"
"2","2023-2024","PARENT2INCOMEEARNEDFROMWORK"
"2","2023-2024","PARENTSCHILDSUPPORTRECEIVED"
"2","2023-2024","PARENTSINTERESTINCOME"
"2","2023-2024","PARENTSIRADISTRIBUTIONS"
"2","2023-2024","PARENTSMILITARYCLERGYALLOWANCES"
"2","2023-2024","PARENTSOTHERUNTAXEDINCOME"
"2","2023-2024","PARENTSUNTAXEDPENSIONS"
"2","2023-2024","PARENTSVETERANSNONEDUCATIONBENEFITS"
"2","2023-2024","SPOUSESINCOMEEARNEDFROMWORK"
"2","2023-2024","STUDENTSCHILDSUPPORTRECEIVED"
"2","2023-2024","STUDENTSINCOMEEARNEDFROMWORK"
"2","2023-2024","STUDENTSINTERESTINCOME"
"2","2023-2024","STUDENTSIRADISTRIBUTIONS"
"2","2023-2024","STUDENTSMILITARYCLERGYALLOWANCES"
"2","2023-2024","STUDENTSOTHERNONREPORTEDMONEY"
"2","2023-2024","STUDENTSOTHERUNTAXEDINCOME"
"2","2023-2024","STUDENTSUNTAXEDPENSIONS"
"2","2023-2024","STUDENTSVETERANSNONEDUCATIONBENEFITS"
"3","2023-2024","STUDENTSADJUSTEDGROSSINCOMEFROMIRSFORM"
"3","2023-2024","STUDENTSUSINCOMETAXPAID"
"4","2023-2024","DATEAPPLICATIONCOMPLETED"
"4","2023-2024","STUDENTMARITALSTATUS"
"5","2023-2024","DATEOFBIRTH"
"6","2023-2024","PARENT1DATEOFBIRTH"
"6","2023-2024","PARENT1FIRSTNAMEINITIAL"
"6","2023-2024","PARENT1LASTNAME"
"6","2023-2024","PARENT1SOCIALSECURITYNUMBER"
"6","2023-2024","PARENT2DATEOFBIRTH"
"6","2023-2024","PARENT2FIRSTNAMEINITIAL"
"6","2023-2024","PARENT2LASTNAME"
"7","2023-2024","PARENT1DATEOFBIRTH"
"7","2023-2024","PARENT1LASTNAME"
"7","2023-2024","PARENT2DATEOFBIRTH"
"7","2023-2024","PARENT2LASTNAME"
"7","2023-2024","PARENT2SOCIALSECURITYNUMBER"
"8","2023-2024","STUDENTSSN"
"9","2023-2024","PARENT1DATEOFBIRTH"
"9","2023-2024","PARENT1FIRSTNAMEINITIAL"
"9","2023-2024","PARENT1LASTNAME"
"9","2023-2024","PARENT1SOCIALSECURITYNUMBER"
"9","2023-2024","PARENT2DATEOFBIRTH"
"9","2023-2024","PARENT2FIRSTNAMEINITIAL"
"9","2023-2024","PARENT2LASTNAME"
"9","2023-2024","PARENT2SOCIALSECURITYNUMBER"
"10","2023-2024","PARENTSMARITALSTATUS"
"10","2023-2024","PARENTSNUMBEROFFAMILYMEMBERS"
"10","2023-2024","STUDENTMARITALSTATUS"
"10","2023-2024","STUDENTSNUMBEROFFAMILYMEMBERS"
"11","2023-2024","ASSUMEDPARENT1INCOMEEARNEDFROMWORK"
"11","2023-2024","ASSUMEDPARENT2INCOMEEARNEDFROMWORK"
"11","2023-2024","FATHERSSTEPFATHERSINCOMEEARNEDFROMWORK"
"11","2023-2024","MOTHERSSTEPMOTHERSINCOMEEARNEDFROMWORK"
"11","2023-2024","PARENT1INCOMEEARNEDFROMWORK"
"11","2023-2024","PARENT2INCOMEEARNEDFROMWORK"
"11","2023-2024","PARENTSMARITALSTATUS"
"11","2023-2024","SPOUSESINCOMEEARNEDFROMWORK"
"11","2023-2024","STUDENTMARITALSTATUS"
"11","2023-2024","STUDENTSINCOMEEARNEDFROMWORK"
"12","2023-2024","PARENTSADJUSTEDGROSSINCOMEFROMIRSFORM"
"12","2023-2024","PARENTSUSINCOMETAXPAID"
"13","2023-2024","STUDENTFIRSTNAME"
"13","2023-2024","STUDENTLASTNAME"
"14","2023-2024","SIGNEDBY"
"16","2023-2024","SIGNEDBY"
"17","2023-2024","ALIENREGISTRATIONNUMBER"
"17","2023-2024","CITIZENSHIPSTATUS"
"18","2023-2024","STUDENTSSN"
"19","2023-2024","DRUGCONVICTIONAFFECTINGELIGIBILITY"
"20","2023-2024","PARENT1INCOMEEARNEDFROMWORK"
"20","2023-2024","PARENT2INCOMEEARNEDFROMWORK"
"20","2023-2024","PARENTSTAXRETURNFILINGSTATUS"
"20","2023-2024","SPOUSESINCOMEEARNEDFROMWORK"
"20","2023-2024","STUDENTSINCOMEEARNEDFROMWORK"
"20","2023-2024","STUDENTSINCOMEEARNEDFROMWORK"
"20","2023-2024","STUDENTSTAXRETURNFILINGSTATUS"
"20","2023-2024","STUDENTSTAXRETURNFILINGSTATUS"
"21","2023-2024","MARITALSTATUSDATE"
"21","2023-2024","STUDENTMARITALSTATUS"
"24","2023-2024","NSLDSFRAUDLOANFLAG"
"A","2023-2024","DATEOFBIRTH"
"B","2023-2024","DATEOFBIRTH"
"C","2023-2024","PARENTSADJUSTEDGROSSINCOMEFROMIRSFORM"
"C","2023-2024","PARENTSUSINCOMETAXPAID"
"C","2023-2024","STUDENTSADJUSTEDGROSSINCOMEFROMIRSFORM"
"C","2023-2024","STUDENTSUSINCOMETAXPAID"
"D","2023-2024","STUDENTFIRSTNAME"
"D","2023-2024","STUDENTLASTNAME"
"E","2023-2024","PARENT1FIRSTNAMEINITIAL"
"E","2023-2024","PARENT1LASTNAME"
"F","2023-2024","PARENT2FIRSTNAMEINITIAL"
"F","2023-2024","PARENT2LASTNAME"
"G","2023-2024","IRSSTUDENTAGIDATAFIELDFLAG"
"G","2023-2024","STUDENTSUSINCOMETAXPAID"
"J","2023-2024","PARENT1SOCIALSECURITYNUMBER"
"K","2023-2024","PARENT2SOCIALSECURITYNUMBER"
"N","2023-2024","STUDENTFIRSTNAME"
"N","2023-2024","STUDENTLASTNAME"
"R","2023-2024","DATEOFBIRTH"
"S","2023-2024","PARENT1DATEOFBIRTH"
"T","2023-2024","PARENT2DATEOFBIRTH"
"W","2023-2024","PARENTSNUMBEROFFAMILYMEMBERS"
"W","2023-2024","STUDENTSNUMBEROFFAMILYMEMBERS"
"1","2024-2025","TXID_DEPENDENCYMODEL"
"2","2024-2025","STUDENT_SOCIALSECURITYNUMBER"
"3","2024-2025","STUDENT_FIRSTNAME"
"3","2024-2025","STUDENT_LASTNAME"
"4","2024-2025","STUDENT_DATEOFBIRTH"
"5","2024-2025","STUDENT_DATEOFBIRTH"
"5","2024-2025","STUDENT_FIRSTNAME"
"5","2024-2025","STUDENT_LASTNAME"
"6","2024-2025","STUDENT_COUNTRY"
"6","2024-2025","STUDENT_STATE"
"7","2024-2025","STUDENT_ANUMBER"
"7","2024-2025","STUDENT_CITIZENSHIPSTATUS"
"8","2024-2025","STUDENT_ADJUSTEDGROSSINCOME"
"8","2024-2025","STUDENT_INCOMETAXPAID"
"9","2024-2025","STUDENT_NUMBERINCOLLEGE"
"9","2024-2025","STUDENT_UPDATEDFAMILYSIZE"
"10","2024-2025","STUDENT_CONSENTTORETRIEVEANDDISCLOSEFTI"
"11","2024-2025","STUDENT_SIGNATURE"
"12","2024-2025","STUDENT_SIGNATURE"
"13","2024-2025","TXID_SAI"
"14","2024-2025","TXID_DEPENDENCYMODEL"
"15","2024-2025","NSLDS_FRAUDFLAG"
"16","2024-2025","TXID_SAI"
"17","2024-2025","STUDENT_MARITALSTATUS"
"17","2024-2025","STUDENT_UPDATEDFAMILYSIZE"
"18","2024-2025","STUDENT_MARITALSTATUS"
"18","2024-2025","STUDENT_UPDATEDFAMILYSIZE"
"19","2024-2025","SPOUSE_SOCIALSECURITYNUMBER"
"20","2024-2025","SPOUSE_DATEOFBIRTH"
"21","2024-2025","SPOUSE_DATEOFBIRTH"
"22","2024-2025","SPOUSE_DATEOFBIRTH"
"22","2024-2025","SPOUSE_FIRSTNAME"
"22","2024-2025","SPOUSE_LASTNAME"
"23","2024-2025","SPOUSE_DATEOFBIRTH"
"23","2024-2025","SPOUSE_FIRSTNAME"
"23","2024-2025","SPOUSE_LASTNAME"
"23","2024-2025","SPOUSE_SOCIALSECURITYNUMBER"
"24","2024-2025","SPOUSE_ADJUSTEDGROSSINCOME"
"24","2024-2025","SPOUSE_INCOMETAXPAID"
"25","2024-2025","SPOUSE_CONSENTTORETRIEVEANDDISCLOSEFTI"
"26","2024-2025","SPOUSE_SIGNATURE"
"27","2024-2025","SPOUSE_SIGNATURE"
"28","2024-2025","PARENT_SOCIALSECURITYNUMBER"
"29","2024-2025","PARENT_FIRSTNAME"
"29","2024-2025","PARENT_LASTNAME"
"30","2024-2025","PARENT_DATEOFBIRTH"
"31","2024-2025","PARENT_SOCIALSECURITYNUMBER"
"32","2024-2025","PARENT_MARITALSTATUS"
"32","2024-2025","PARENT_UPDATEDFAMILYSIZE"
"33","2024-2025","PARENT_MARITALSTATUS"
"33","2024-2025","PARENT_UPDATEDFAMILYSIZE"
"34","2024-2025","PARENT_DEDUCTIBLEPAYMENTSTOIRAKEOGHOTHER"
"34","2024-2025","PARENT_TAXEXEMPTINTERESTINCOME"
"34","2024-2025","PARENT_UNTAXEDPORTIONSOFIRADISTRIBUTIONS"
"34","2024-2025","PARENT_UNTAXEDPORTIONSOFPENSIONS"
"35","2024-2025","PARENT_ADJUSTEDGROSSINCOME"
"35","2024-2025","PARENT_INCOMETAXPAID"
"36","2024-2025","PARENT_CONSENTTORETRIEVEANDDISCLOSEFTI"
"37","2024-2025","PARENT_SIGNATURE"
"38","2024-2025","PARENT_SIGNATURE"
"39","2024-2025","PARENTSPOUSE_SOCIALSECURITYNUMBER"
"40","2024-2025","PARENTSPOUSE_FIRSTNAME"
"40","2024-2025","PARENTSPOUSE_LASTNAME"
"41","2024-2025","PARENTSPOUSE_DATEOFBIRTH"
"42","2024-2025","PARENTSPOUSE_SOCIALSECURITYNUMBER"
"43","2024-2025","PARENTSPOUSE_SOCIALSECURITYNUMBER"
"44","2024-2025","PARENTSPOUSE_ADJUSTEDGROSSINCOME"
"44","2024-2025","PARENTSPOUSE_INCOMETAXPAID"
"45","2024-2025","PARENTSPOUSE_CONSENTTORETRIEVEANDDISCLOSEFTI"
"46","2024-2025","PARENTSPOUSE_SIGNATURE"
"47","2024-2025","PARENTSPOUSE_SIGNATURE"
"A","2024-2025","STUDENT_ADJUSTEDGROSSINCOME"
"A","2024-2025","STUDENT_INCOMETAXPAID"
"B","2024-2025","STUDENT_UPDATEDFAMILYSIZE"
"C","2024-2025","SPOUSE_ADJUSTEDGROSSINCOME"
"C","2024-2025","SPOUSE_INCOMETAXPAID"
"D","2024-2025","PARENT_UPDATEDFAMILYSIZE"
"E","2024-2025","PARENTSPOUSE_INCOMETAXPAID"
"E","2024-2025","PARENT_ADJUSTEDGROSSINCOME"
"F","2024-2025","PARENTSPOUSE_ADJUSTEDGROSSINCOME"
"F","2024-2025","PARENTSPOUSE_INCOMETAXPAID"